Marker Loci for Map: Cranberry-CNJ02-1-2007,,,,,
#,Linkage Group,Marker Name,Locus Name,Type,Position
1,Cranberry-CNJ02-1-2007.LG1,SCF68870,SCF68870,marker_locus,0 cM
2,Cranberry-CNJ02-1-2007.LG1,SCF153722,SCF153722,marker_locus,0.93 cM
3,Cranberry-CNJ02-1-2007.LG1,SCF172019,SCF172019,marker_locus,2.19 cM
4,Cranberry-CNJ02-1-2007.LG1,SCF30816,SCF30816,marker_locus,3.25 cM
5,Cranberry-CNJ02-1-2007.LG1,SCF208509,SCF208509,marker_locus,3.3 cM
6,Cranberry-CNJ02-1-2007.LG1,vm89040,vm89040,marker_locus,6.71 cM
7,Cranberry-CNJ02-1-2007.LG1,SCF29735,SCF29735,marker_locus,7.4 cM
8,Cranberry-CNJ02-1-2007.LG1,SCF69981,SCF69981,marker_locus,8.06 cM
9,Cranberry-CNJ02-1-2007.LG1,SCF39242,SCF39242,marker_locus,8.81 cM
10,Cranberry-CNJ02-1-2007.LG1,SCF23691,SCF23691,marker_locus,8.91 cM
11,Cranberry-CNJ02-1-2007.LG1,128239_K63,128239_K63,marker_locus,10.15 cM
12,Cranberry-CNJ02-1-2007.LG1,SCF117157,SCF117157,marker_locus,15.02 cM
13,Cranberry-CNJ02-1-2007.LG1,1trimcontig182430,1trimcontig182430,marker_locus,17.8 cM
14,Cranberry-CNJ02-1-2007.LG1,SCF173212,SCF173212,marker_locus,21.04 cM
15,Cranberry-CNJ02-1-2007.LG1,SCF3362,SCF3362,marker_locus,21.04 cM
16,Cranberry-CNJ02-1-2007.LG1,scf8l,scf8l,marker_locus,22.6 cM
17,Cranberry-CNJ02-1-2007.LG1,SCF149633,SCF149633,marker_locus,24.33 cM
18,Cranberry-CNJ02-1-2007.LG1,1trimcontig239742,1trimcontig239742,marker_locus,24.48 cM
19,Cranberry-CNJ02-1-2007.LG1,vm23232,vm23232,marker_locus,27.85 cM
20,Cranberry-CNJ02-1-2007.LG1,1trimcontig179737,1trimcontig179737,marker_locus,29.91 cM
21,Cranberry-CNJ02-1-2007.LG1,SCF11186,SCF11186,marker_locus,31.43 cM
22,Cranberry-CNJ02-1-2007.LG1,1trimcontig238795,1trimcontig238795,marker_locus,36.85 cM
23,Cranberry-CNJ02-1-2007.LG1,scf11l,scf11l,marker_locus,37.46 cM
24,Cranberry-CNJ02-1-2007.LG1,252600_K70,252600_K70,marker_locus,49.04 cM
25,Cranberry-CNJ02-1-2007.LG1,1trimcontig440230,1trimcontig440230,marker_locus,50.96 cM
26,Cranberry-CNJ02-1-2007.LG1,SCF59248,SCF59248,marker_locus,52.75 cM
27,Cranberry-CNJ02-1-2007.LG1,242569_K70,242569_K70,marker_locus,55.9 cM
28,Cranberry-CNJ02-1-2007.LG1,SCF121995,SCF121995,marker_locus,57.45 cM
29,Cranberry-CNJ02-1-2007.LG1,SCF142441,SCF142441,marker_locus,69.76 cM
30,Cranberry-CNJ02-1-2007.LG1,162108_K70,162108_K70,marker_locus,69.76 cM
31,Cranberry-CNJ02-1-2007.LG1,SCF8223,SCF8223,marker_locus,74.83 cM
32,Cranberry-CNJ02-1-2007.LG1,SCF111370,SCF111370,marker_locus,77.97 cM
33,Cranberry-CNJ02-1-2007.LG1,SCF124322,SCF124322,marker_locus,77.97 cM
34,Cranberry-CNJ02-1-2007.LG1,SCF3914,SCF3914,marker_locus,77.99 cM
35,Cranberry-CNJ02-1-2007.LG1,SCF22962,SCF22962,marker_locus,78.07 cM
36,Cranberry-CNJ02-1-2007.LG1,SCF118999,SCF118999,marker_locus,78.98 cM
37,Cranberry-CNJ02-1-2007.LG1,SCF43220,SCF43220,marker_locus,79.54 cM
38,Cranberry-CNJ02-1-2007.LG1,SCF3551,SCF3551,marker_locus,93.53 cM
39,Cranberry-CNJ02-1-2007.LG1,SCF45712,SCF45712,marker_locus,96.56 cM
40,Cranberry-CNJ02-1-2007.LG1,307461_K70,307461_K70,marker_locus,96.61 cM
41,Cranberry-CNJ02-1-2007.LG1,vm55441,vm55441,marker_locus,98.32 cM
42,Cranberry-CNJ02-1-2007.LG1,SCF107429,SCF107429,marker_locus,99.66 cM
43,Cranberry-CNJ02-1-2007.LG1,Ig16780a,Ig16780a,marker_locus,99.75 cM
44,Cranberry-CNJ02-1-2007.LG1,SCF43145,SCF43145,marker_locus,100.18 cM
45,Cranberry-CNJ02-1-2007.LG1,414791_K63,414791_K63,marker_locus,105.85 cM
46,Cranberry-CNJ02-1-2007.LG1,SCF153636,SCF153636,marker_locus,106.67 cM
47,Cranberry-CNJ02-1-2007.LG1,vm51985,vm51985,marker_locus,109.29 cM
48,Cranberry-CNJ02-1-2007.LG1,1trimcontig332960,1trimcontig332960,marker_locus,111.1 cM
49,Cranberry-CNJ02-1-2007.LG1,ct106280,ct106280,marker_locus,112.63 cM
50,Cranberry-CNJ02-1-2007.LG1,SCF4386,SCF4386,marker_locus,113.64 cM
51,Cranberry-CNJ02-1-2007.LG1,SCF138607,SCF138607,marker_locus,116.15 cM
52,Cranberry-CNJ02-1-2007.LG10,ct145170,ct145170,marker_locus,0 cM
53,Cranberry-CNJ02-1-2007.LG10,SCF201915,SCF201915,marker_locus,1.45 cM
54,Cranberry-CNJ02-1-2007.LG10,vm38401,vm38401,marker_locus,2.16 cM
55,Cranberry-CNJ02-1-2007.LG10,vm12486,vm12486,marker_locus,2.91 cM
56,Cranberry-CNJ02-1-2007.LG10,418931_1_K63,418931_1_K63,marker_locus,8.28 cM
57,Cranberry-CNJ02-1-2007.LG10,1trimcontig176861,1trimcontig176861,marker_locus,9.91 cM
58,Cranberry-CNJ02-1-2007.LG10,60699_K70,60699_K70,marker_locus,10.33 cM
59,Cranberry-CNJ02-1-2007.LG10,SCF150919,SCF150919,marker_locus,15.45 cM
60,Cranberry-CNJ02-1-2007.LG10,SCF174394,SCF174394,marker_locus,19.54 cM
61,Cranberry-CNJ02-1-2007.LG10,SCF65999,SCF65999,marker_locus,35.77 cM
62,Cranberry-CNJ02-1-2007.LG10,SCF82535,SCF82535,marker_locus,37.95 cM
63,Cranberry-CNJ02-1-2007.LG10,SCF107715,SCF107715,marker_locus,39.34 cM
64,Cranberry-CNJ02-1-2007.LG10,71002_K63,71002_K63,marker_locus,39.65 cM
65,Cranberry-CNJ02-1-2007.LG10,SCF189827,SCF189827,marker_locus,39.95 cM
66,Cranberry-CNJ02-1-2007.LG10,vm72062,vm72062,marker_locus,41.93 cM
67,Cranberry-CNJ02-1-2007.LG10,SCF35507,SCF35507,marker_locus,48.52 cM
68,Cranberry-CNJ02-1-2007.LG10,SCF146740,SCF146740,marker_locus,48.52 cM
69,Cranberry-CNJ02-1-2007.LG10,SCF147295,SCF147295,marker_locus,48.52 cM
70,Cranberry-CNJ02-1-2007.LG10,313928_K70,313928_K70,marker_locus,49.09 cM
71,Cranberry-CNJ02-1-2007.LG10,SCF7569,SCF7569,marker_locus,50.88 cM
72,Cranberry-CNJ02-1-2007.LG10,vm25796,vm25796,marker_locus,52.83 cM
73,Cranberry-CNJ02-1-2007.LG10,409500_K63,409500_K63,marker_locus,53.03 cM
74,Cranberry-CNJ02-1-2007.LG10,SCF112295,SCF112295,marker_locus,53.25 cM
75,Cranberry-CNJ02-1-2007.LG10,SCF172906,SCF172906,marker_locus,57.64 cM
76,Cranberry-CNJ02-1-2007.LG10,ct135942,ct135942,marker_locus,59.08 cM
77,Cranberry-CNJ02-1-2007.LG10,SCF104688,SCF104688,marker_locus,67.07 cM
78,Cranberry-CNJ02-1-2007.LG10,SCF189657,SCF189657,marker_locus,71.13 cM
79,Cranberry-CNJ02-1-2007.LG10,SCF139660,SCF139660,marker_locus,75.13 cM
80,Cranberry-CNJ02-1-2007.LG10,SCF86438,SCF86438,marker_locus,76.24 cM
81,Cranberry-CNJ02-1-2007.LG10,SCF2288,SCF2288,marker_locus,81.27 cM
82,Cranberry-CNJ02-1-2007.LG10,SCF60761,SCF60761,marker_locus,82.85 cM
83,Cranberry-CNJ02-1-2007.LG10,SCF96311,SCF96311,marker_locus,85.53 cM
84,Cranberry-CNJ02-1-2007.LG10,SCF26014,SCF26014,marker_locus,86.01 cM
85,Cranberry-CNJ02-1-2007.LG10,SCF46833,SCF46833,marker_locus,86.57 cM
86,Cranberry-CNJ02-1-2007.LG10,SCF23210,SCF23210,marker_locus,86.61 cM
87,Cranberry-CNJ02-1-2007.LG10,SCF138394,SCF138394,marker_locus,87.62 cM
88,Cranberry-CNJ02-1-2007.LG10,364103_K63,364103_K63,marker_locus,87.72 cM
89,Cranberry-CNJ02-1-2007.LG10,SCF120352,SCF120352,marker_locus,87.94 cM
90,Cranberry-CNJ02-1-2007.LG10,ct161908,ct161908,marker_locus,88.2 cM
91,Cranberry-CNJ02-1-2007.LG10,ct93137,ct93137,marker_locus,92.24 cM
92,Cranberry-CNJ02-1-2007.LG11,SCF84804,SCF84804,marker_locus,0 cM
93,Cranberry-CNJ02-1-2007.LG11,SCF181909,SCF181909,marker_locus,0.59 cM
94,Cranberry-CNJ02-1-2007.LG11,SCF95767,SCF95767,marker_locus,0.86 cM
95,Cranberry-CNJ02-1-2007.LG11,SCF110507,SCF110507,marker_locus,1.08 cM
96,Cranberry-CNJ02-1-2007.LG11,1trimcontig176042,1trimcontig176042,marker_locus,1.65 cM
97,Cranberry-CNJ02-1-2007.LG11,SCF72209,SCF72209,marker_locus,2.22 cM
98,Cranberry-CNJ02-1-2007.LG11,scf108b,scf108b,marker_locus,3.11 cM
99,Cranberry-CNJ02-1-2007.LG11,vm05418,vm05418,marker_locus,5.55 cM
100,Cranberry-CNJ02-1-2007.LG11,SCF41361,SCF41361,marker_locus,11.03 cM
101,Cranberry-CNJ02-1-2007.LG11,SCF122746,SCF122746,marker_locus,12.75 cM
102,Cranberry-CNJ02-1-2007.LG11,307018_K70,307018_K70,marker_locus,16.51 cM
103,Cranberry-CNJ02-1-2007.LG11,SCF81909,SCF81909,marker_locus,17.73 cM
104,Cranberry-CNJ02-1-2007.LG11,SCF204332,SCF204332,marker_locus,24.18 cM
105,Cranberry-CNJ02-1-2007.LG11,SCF81294,SCF81294,marker_locus,24.59 cM
106,Cranberry-CNJ02-1-2007.LG11,scf3072b,scf3072b,marker_locus,27.8 cM
107,Cranberry-CNJ02-1-2007.LG11,SCF64185,SCF64185,marker_locus,35.77 cM
108,Cranberry-CNJ02-1-2007.LG11,SCF106182,SCF106182,marker_locus,36.77 cM
109,Cranberry-CNJ02-1-2007.LG11,SCF199831,SCF199831,marker_locus,36.83 cM
110,Cranberry-CNJ02-1-2007.LG11,SCF183590,SCF183590,marker_locus,37.75 cM
111,Cranberry-CNJ02-1-2007.LG11,SCF21596,SCF21596,marker_locus,41.89 cM
112,Cranberry-CNJ02-1-2007.LG11,vm68798,vm68798,marker_locus,47.89 cM
113,Cranberry-CNJ02-1-2007.LG11,SCF57497,SCF57497,marker_locus,49.7 cM
114,Cranberry-CNJ02-1-2007.LG11,SCF132506,SCF132506,marker_locus,49.71 cM
115,Cranberry-CNJ02-1-2007.LG11,SCF120937,SCF120937,marker_locus,52.27 cM
116,Cranberry-CNJ02-1-2007.LG11,SCF123189,SCF123189,marker_locus,52.71 cM
117,Cranberry-CNJ02-1-2007.LG11,482_K70,482_K70,marker_locus,53.15 cM
118,Cranberry-CNJ02-1-2007.LG11,SCF95754,SCF95754,marker_locus,53.2 cM
119,Cranberry-CNJ02-1-2007.LG11,SCF136826,SCF136826,marker_locus,53.65 cM
120,Cranberry-CNJ02-1-2007.LG11,308539_K70,308539_K70,marker_locus,54.52 cM
121,Cranberry-CNJ02-1-2007.LG11,1trimcontig444344,1trimcontig444344,marker_locus,54.53 cM
122,Cranberry-CNJ02-1-2007.LG11,SCF158255,SCF158255,marker_locus,55.15 cM
123,Cranberry-CNJ02-1-2007.LG11,SCF161998,SCF161998,marker_locus,57.08 cM
124,Cranberry-CNJ02-1-2007.LG11,SCF1047,SCF1047,marker_locus,70.21 cM
125,Cranberry-CNJ02-1-2007.LG11,SCF160647,SCF160647,marker_locus,71.76 cM
126,Cranberry-CNJ02-1-2007.LG11,SCF28931,SCF28931,marker_locus,72.5 cM
127,Cranberry-CNJ02-1-2007.LG11,SCF181772,SCF181772,marker_locus,78.61 cM
128,Cranberry-CNJ02-1-2007.LG11,SCF118608,SCF118608,marker_locus,82.26 cM
129,Cranberry-CNJ02-1-2007.LG12,SCF145689,SCF145689,marker_locus,0 cM
130,Cranberry-CNJ02-1-2007.LG12,SCF3261,SCF3261,marker_locus,2.8 cM
131,Cranberry-CNJ02-1-2007.LG12,SCF3191,SCF3191,marker_locus,4.25 cM
132,Cranberry-CNJ02-1-2007.LG12,scf248,scf248,marker_locus,6.07 cM
133,Cranberry-CNJ02-1-2007.LG12,SCF169090,SCF169090,marker_locus,6.88 cM
134,Cranberry-CNJ02-1-2007.LG12,vm34671,vm34671,marker_locus,8.13 cM
135,Cranberry-CNJ02-1-2007.LG12,SCF101914,SCF101914,marker_locus,8.16 cM
136,Cranberry-CNJ02-1-2007.LG12,SCF75572,SCF75572,marker_locus,9.74 cM
137,Cranberry-CNJ02-1-2007.LG12,scf6213,scf6213,marker_locus,11.17 cM
138,Cranberry-CNJ02-1-2007.LG12,SCF159195,SCF159195,marker_locus,15.63 cM
139,Cranberry-CNJ02-1-2007.LG12,SCF117422,SCF117422,marker_locus,17.45 cM
140,Cranberry-CNJ02-1-2007.LG12,scf79c,scf79c,marker_locus,19.87 cM
141,Cranberry-CNJ02-1-2007.LG12,vm40600,vm40600,marker_locus,23.97 cM
142,Cranberry-CNJ02-1-2007.LG12,408825_K63,408825_K63,marker_locus,24.85 cM
143,Cranberry-CNJ02-1-2007.LG12,ct144936,ct144936,marker_locus,24.87 cM
144,Cranberry-CNJ02-1-2007.LG12,SCF116567,SCF116567,marker_locus,26.05 cM
145,Cranberry-CNJ02-1-2007.LG12,SCF138394,SCF138394,marker_locus,29.72 cM
146,Cranberry-CNJ02-1-2007.LG12,76126_K63,76126_K63,marker_locus,30.78 cM
147,Cranberry-CNJ02-1-2007.LG12,SCF38942,SCF38942,marker_locus,31.07 cM
148,Cranberry-CNJ02-1-2007.LG12,418596_K63,418596_K63,marker_locus,31.09 cM
149,Cranberry-CNJ02-1-2007.LG12,SCF38430,SCF38430,marker_locus,31.48 cM
150,Cranberry-CNJ02-1-2007.LG12,SCF149989,SCF149989,marker_locus,31.96 cM
151,Cranberry-CNJ02-1-2007.LG12,SCF11065,SCF11065,marker_locus,32.48 cM
152,Cranberry-CNJ02-1-2007.LG12,SCF69698,SCF69698,marker_locus,36.4 cM
153,Cranberry-CNJ02-1-2007.LG12,SCF16166,SCF16166,marker_locus,37.54 cM
154,Cranberry-CNJ02-1-2007.LG12,ct129169,ct129169,marker_locus,37.78 cM
155,Cranberry-CNJ02-1-2007.LG12,vm26877,vm26877,marker_locus,38.44 cM
156,Cranberry-CNJ02-1-2007.LG12,SCF34584,SCF34584,marker_locus,39.89 cM
157,Cranberry-CNJ02-1-2007.LG12,309084_K70,309084_K70,marker_locus,40.33 cM
158,Cranberry-CNJ02-1-2007.LG12,scf37h,scf37h,marker_locus,40.58 cM
159,Cranberry-CNJ02-1-2007.LG12,SCF37628,SCF37628,marker_locus,43.49 cM
160,Cranberry-CNJ02-1-2007.LG12,SCF6926,SCF6926,marker_locus,43.76 cM
161,Cranberry-CNJ02-1-2007.LG12,SCF76310,SCF76310,marker_locus,44.65 cM
162,Cranberry-CNJ02-1-2007.LG12,SCF13753,SCF13753,marker_locus,45.22 cM
163,Cranberry-CNJ02-1-2007.LG12,SCF46588,SCF46588,marker_locus,47.4 cM
164,Cranberry-CNJ02-1-2007.LG12,SCF98180,SCF98180,marker_locus,47.44 cM
165,Cranberry-CNJ02-1-2007.LG12,SCF34071,SCF34071,marker_locus,52.31 cM
166,Cranberry-CNJ02-1-2007.LG12,SCF59739,SCF59739,marker_locus,53.07 cM
167,Cranberry-CNJ02-1-2007.LG12,scf4b,scf4b,marker_locus,66.58 cM
168,Cranberry-CNJ02-1-2007.LG12,scf2882,scf2882,marker_locus,71.61 cM
169,Cranberry-CNJ02-1-2007.LG12,SCF116485,SCF116485,marker_locus,73.23 cM
170,Cranberry-CNJ02-1-2007.LG12,ct110752,ct110752,marker_locus,73.24 cM
171,Cranberry-CNJ02-1-2007.LG12,scf6355,scf6355,marker_locus,73.72 cM
172,Cranberry-CNJ02-1-2007.LG12,ct174735,ct174735,marker_locus,75.52 cM
173,Cranberry-CNJ02-1-2007.LG12,417587_K63,417587_K63,marker_locus,77.25 cM
174,Cranberry-CNJ02-1-2007.LG12,Ig28559a,Ig28559a,marker_locus,77.25 cM
175,Cranberry-CNJ02-1-2007.LG12,SCF28279,SCF28279,marker_locus,77.25 cM
176,Cranberry-CNJ02-1-2007.LG12,SCF28955,SCF28955,marker_locus,77.36 cM
177,Cranberry-CNJ02-1-2007.LG12,ct140233,ct140233,marker_locus,79.14 cM
178,Cranberry-CNJ02-1-2007.LG12,411145_K63,411145_K63,marker_locus,80.1 cM
179,Cranberry-CNJ02-1-2007.LG12,1trimcontig175770,1trimcontig175770,marker_locus,80.35 cM
180,Cranberry-CNJ02-1-2007.LG2,ct118602,ct118602,marker_locus,0 cM
181,Cranberry-CNJ02-1-2007.LG2,vm13780,vm13780,marker_locus,1.25 cM
182,Cranberry-CNJ02-1-2007.LG2,Ig15420a,Ig15420a,marker_locus,1.64 cM
183,Cranberry-CNJ02-1-2007.LG2,1trimcontig332949,1trimcontig332949,marker_locus,2.14 cM
184,Cranberry-CNJ02-1-2007.LG2,SCF175823,SCF175823,marker_locus,4.88 cM
185,Cranberry-CNJ02-1-2007.LG2,SCF177451,SCF177451,marker_locus,7.14 cM
186,Cranberry-CNJ02-1-2007.LG2,VCC_B3,VCC_B3,marker_locus,11.79 cM
187,Cranberry-CNJ02-1-2007.LG2,SCF141794,SCF141794,marker_locus,13.84 cM
188,Cranberry-CNJ02-1-2007.LG2,vm54133,vm54133,marker_locus,16.06 cM
189,Cranberry-CNJ02-1-2007.LG2,SCF142664,SCF142664,marker_locus,17.83 cM
190,Cranberry-CNJ02-1-2007.LG2,Contig704,Contig704,marker_locus,19.09 cM
191,Cranberry-CNJ02-1-2007.LG2,1trimcontig209220,1trimcontig209220,marker_locus,21.02 cM
192,Cranberry-CNJ02-1-2007.LG2,SCF213102,SCF213102,marker_locus,37.12 cM
193,Cranberry-CNJ02-1-2007.LG2,198358_K70,198358_K70,marker_locus,38.83 cM
194,Cranberry-CNJ02-1-2007.LG2,scf12916,scf12916,marker_locus,46.1 cM
195,Cranberry-CNJ02-1-2007.LG2,SCF125667,SCF125667,marker_locus,46.35 cM
196,Cranberry-CNJ02-1-2007.LG2,SCF61078,SCF61078,marker_locus,46.4 cM
197,Cranberry-CNJ02-1-2007.LG2,297265_K63,297265_K63,marker_locus,48.67 cM
198,Cranberry-CNJ02-1-2007.LG2,SCF192715,SCF192715,marker_locus,48.87 cM
199,Cranberry-CNJ02-1-2007.LG2,SCF174468,SCF174468,marker_locus,48.87 cM
200,Cranberry-CNJ02-1-2007.LG2,SCF3595,SCF3595,marker_locus,48.87 cM
201,Cranberry-CNJ02-1-2007.LG2,SCF66692,SCF66692,marker_locus,48.92 cM
202,Cranberry-CNJ02-1-2007.LG2,172672_K70,172672_K70,marker_locus,49.07 cM
203,Cranberry-CNJ02-1-2007.LG2,SCF56816,SCF56816,marker_locus,49.48 cM
204,Cranberry-CNJ02-1-2007.LG2,SCF18709,SCF18709,marker_locus,50.35 cM
205,Cranberry-CNJ02-1-2007.LG2,SCF158633,SCF158633,marker_locus,50.95 cM
206,Cranberry-CNJ02-1-2007.LG2,scf2000b,scf2000b,marker_locus,53.41 cM
207,Cranberry-CNJ02-1-2007.LG2,ct89348,ct89348,marker_locus,56.38 cM
208,Cranberry-CNJ02-1-2007.LG2,ct124256,ct124256,marker_locus,58.83 cM
209,Cranberry-CNJ02-1-2007.LG2,ct155461,ct155461,marker_locus,59.21 cM
210,Cranberry-CNJ02-1-2007.LG2,SCF48645,SCF48645,marker_locus,61.57 cM
211,Cranberry-CNJ02-1-2007.LG2,SCF158988,SCF158988,marker_locus,61.82 cM
212,Cranberry-CNJ02-1-2007.LG2,CA325,CA325,marker_locus,62.78 cM
213,Cranberry-CNJ02-1-2007.LG2,SCF73288,SCF73288,marker_locus,65.01 cM
214,Cranberry-CNJ02-1-2007.LG2,372875_K63,372875_K63,marker_locus,66.03 cM
215,Cranberry-CNJ02-1-2007.LG2,ct130570,ct130570,marker_locus,70.75 cM
216,Cranberry-CNJ02-1-2007.LG2,29080_K63,29080_K63,marker_locus,71.39 cM
217,Cranberry-CNJ02-1-2007.LG2,SCF13771,SCF13771,marker_locus,76.64 cM
218,Cranberry-CNJ02-1-2007.LG2,1trimcontig351427,1trimcontig351427,marker_locus,81.56 cM
219,Cranberry-CNJ02-1-2007.LG2,SCF26049,SCF26049,marker_locus,83.78 cM
220,Cranberry-CNJ02-1-2007.LG2,SCF965,SCF965,marker_locus,90.25 cM
221,Cranberry-CNJ02-1-2007.LG2,SCF74458,SCF74458,marker_locus,91.15 cM
222,Cranberry-CNJ02-1-2007.LG2,scf28l,scf28l,marker_locus,91.18 cM
223,Cranberry-CNJ02-1-2007.LG2,417854_K63,417854_K63,marker_locus,96.98 cM
224,Cranberry-CNJ02-1-2007.LG2,SCF77145,SCF77145,marker_locus,105.65 cM
225,Cranberry-CNJ02-1-2007.LG2,SCF31394,SCF31394,marker_locus,106.33 cM
226,Cranberry-CNJ02-1-2007.LG2,SCF22434,SCF22434,marker_locus,106.5 cM
227,Cranberry-CNJ02-1-2007.LG2,SCF180863,SCF180863,marker_locus,107.83 cM
228,Cranberry-CNJ02-1-2007.LG3,SCF27510,SCF27510,marker_locus,0 cM
229,Cranberry-CNJ02-1-2007.LG3,SCF58861,SCF58861,marker_locus,0.45 cM
230,Cranberry-CNJ02-1-2007.LG3,NA172,NA172,marker_locus,2.88 cM
231,Cranberry-CNJ02-1-2007.LG3,SCF162565,SCF162565,marker_locus,4.65 cM
232,Cranberry-CNJ02-1-2007.LG3,1trimcontig443603,1trimcontig443603,marker_locus,7.89 cM
233,Cranberry-CNJ02-1-2007.LG3,Contig480Fb,Contig480Fb,marker_locus,9.84 cM
234,Cranberry-CNJ02-1-2007.LG3,SCF153094,SCF153094,marker_locus,15.1 cM
235,Cranberry-CNJ02-1-2007.LG3,313711_K70,313711_K70,marker_locus,19.06 cM
236,Cranberry-CNJ02-1-2007.LG3,SCF157992,SCF157992,marker_locus,19.98 cM
237,Cranberry-CNJ02-1-2007.LG3,ct89711,ct89711,marker_locus,22.42 cM
238,Cranberry-CNJ02-1-2007.LG3,ct155339,ct155339,marker_locus,27.31 cM
239,Cranberry-CNJ02-1-2007.LG3,SCF177450,SCF177450,marker_locus,27.92 cM
240,Cranberry-CNJ02-1-2007.LG3,scf142e,scf142e,marker_locus,30.96 cM
241,Cranberry-CNJ02-1-2007.LG3,scf10688,scf10688,marker_locus,31.21 cM
242,Cranberry-CNJ02-1-2007.LG3,SCF85773,SCF85773,marker_locus,34.09 cM
243,Cranberry-CNJ02-1-2007.LG3,scf5304,scf5304,marker_locus,35.48 cM
244,Cranberry-CNJ02-1-2007.LG3,SCF7845,SCF7845,marker_locus,56.94 cM
245,Cranberry-CNJ02-1-2007.LG3,SCF128992,SCF128992,marker_locus,60.51 cM
246,Cranberry-CNJ02-1-2007.LG3,SCF108252,SCF108252,marker_locus,60.65 cM
247,Cranberry-CNJ02-1-2007.LG3,1trimcontig436904,1trimcontig436904,marker_locus,61.19 cM
248,Cranberry-CNJ02-1-2007.LG3,SCF22477,SCF22477,marker_locus,61.68 cM
249,Cranberry-CNJ02-1-2007.LG3,SCF53750,SCF53750,marker_locus,61.68 cM
250,Cranberry-CNJ02-1-2007.LG3,SCF21119,SCF21119,marker_locus,62.88 cM
251,Cranberry-CNJ02-1-2007.LG3,82171_K70,82171_K70,marker_locus,64.03 cM
252,Cranberry-CNJ02-1-2007.LG3,SCF9815,SCF9815,marker_locus,69.83 cM
253,Cranberry-CNJ02-1-2007.LG3,SCF110888,SCF110888,marker_locus,70.05 cM
254,Cranberry-CNJ02-1-2007.LG3,SCF38340,SCF38340,marker_locus,72.59 cM
255,Cranberry-CNJ02-1-2007.LG3,121633_K63,121633_K63,marker_locus,76.73 cM
256,Cranberry-CNJ02-1-2007.LG3,SCF57479,SCF57479,marker_locus,81.65 cM
257,Cranberry-CNJ02-1-2007.LG3,1trimcontig440008,1trimcontig440008,marker_locus,83.16 cM
258,Cranberry-CNJ02-1-2007.LG3,411475_K63,411475_K63,marker_locus,83.28 cM
259,Cranberry-CNJ02-1-2007.LG3,42710_K70,42710_K70,marker_locus,84.99 cM
260,Cranberry-CNJ02-1-2007.LG3,SCF98686,SCF98686,marker_locus,85.12 cM
261,Cranberry-CNJ02-1-2007.LG3,SCF23339,SCF23339,marker_locus,95.53 cM
262,Cranberry-CNJ02-1-2007.LG3,SCF27755,SCF27755,marker_locus,97.68 cM
263,Cranberry-CNJ02-1-2007.LG3,vm04084,vm04084,marker_locus,99.02 cM
264,Cranberry-CNJ02-1-2007.LG3,vm51409,vm51409,marker_locus,99.34 cM
265,Cranberry-CNJ02-1-2007.LG3,scf20g,scf20g,marker_locus,99.46 cM
266,Cranberry-CNJ02-1-2007.LG3,SCF90229,SCF90229,marker_locus,100.45 cM
267,Cranberry-CNJ02-1-2007.LG3,scf511,scf511,marker_locus,100.59 cM
268,Cranberry-CNJ02-1-2007.LG3,vm78806,vm78806,marker_locus,100.83 cM
269,Cranberry-CNJ02-1-2007.LG3,Contig130Fb,Contig130Fb,marker_locus,103.52 cM
270,Cranberry-CNJ02-1-2007.LG4,418294_K63,418294_K63,marker_locus,0 cM
271,Cranberry-CNJ02-1-2007.LG4,SCF56561,SCF56561,marker_locus,1.75 cM
272,Cranberry-CNJ02-1-2007.LG4,SCF26697,SCF26697,marker_locus,1.99 cM
273,Cranberry-CNJ02-1-2007.LG4,1trimcontig176303,1trimcontig176303,marker_locus,2.11 cM
274,Cranberry-CNJ02-1-2007.LG4,ct119523,ct119523,marker_locus,3.08 cM
275,Cranberry-CNJ02-1-2007.LG4,2ms4d10b,2ms4d10b,marker_locus,3.6 cM
276,Cranberry-CNJ02-1-2007.LG4,ct94504,ct94504,marker_locus,4.52 cM
277,Cranberry-CNJ02-1-2007.LG4,SCF83036,SCF83036,marker_locus,8.5 cM
278,Cranberry-CNJ02-1-2007.LG4,5ms2b12,5ms2b12,marker_locus,12.25 cM
279,Cranberry-CNJ02-1-2007.LG4,vm83024,vm83024,marker_locus,12.57 cM
280,Cranberry-CNJ02-1-2007.LG4,SCF162175,SCF162175,marker_locus,12.58 cM
281,Cranberry-CNJ02-1-2007.LG4,SCF9157,SCF9157,marker_locus,18.17 cM
282,Cranberry-CNJ02-1-2007.LG4,scf1172,scf1172,marker_locus,23.73 cM
283,Cranberry-CNJ02-1-2007.LG4,416328_K63,416328_K63,marker_locus,29.45 cM
284,Cranberry-CNJ02-1-2007.LG4,ct119590,ct119590,marker_locus,30.21 cM
285,Cranberry-CNJ02-1-2007.LG4,SCF72229,SCF72229,marker_locus,30.61 cM
286,Cranberry-CNJ02-1-2007.LG4,SCF113389,SCF113389,marker_locus,31.54 cM
287,Cranberry-CNJ02-1-2007.LG4,CA855F,CA855F,marker_locus,33.54 cM
288,Cranberry-CNJ02-1-2007.LG4,SCF140628,SCF140628,marker_locus,33.9 cM
289,Cranberry-CNJ02-1-2007.LG4,SCF46739,SCF46739,marker_locus,35.48 cM
290,Cranberry-CNJ02-1-2007.LG4,vm52682,vm52682,marker_locus,36.88 cM
291,Cranberry-CNJ02-1-2007.LG4,SCF6530,SCF6530,marker_locus,40.58 cM
292,Cranberry-CNJ02-1-2007.LG4,SCF124075,SCF124075,marker_locus,43.38 cM
293,Cranberry-CNJ02-1-2007.LG4,scf6955c,scf6955c,marker_locus,44.07 cM
294,Cranberry-CNJ02-1-2007.LG4,vm52204,vm52204,marker_locus,44.21 cM
295,Cranberry-CNJ02-1-2007.LG4,SCF28100,SCF28100,marker_locus,46.61 cM
296,Cranberry-CNJ02-1-2007.LG4,305731_K63,305731_K63,marker_locus,47.91 cM
297,Cranberry-CNJ02-1-2007.LG4,SCF154541,SCF154541,marker_locus,49.52 cM
298,Cranberry-CNJ02-1-2007.LG4,SCF38553,SCF38553,marker_locus,53.06 cM
299,Cranberry-CNJ02-1-2007.LG4,SCF15845,SCF15845,marker_locus,55.57 cM
300,Cranberry-CNJ02-1-2007.LG4,SCF194552,SCF194552,marker_locus,59.41 cM
301,Cranberry-CNJ02-1-2007.LG4,SCF96539,SCF96539,marker_locus,69.74 cM
302,Cranberry-CNJ02-1-2007.LG4,NA1713,NA1713,marker_locus,73.44 cM
303,Cranberry-CNJ02-1-2007.LG4,SCF16359,SCF16359,marker_locus,73.73 cM
304,Cranberry-CNJ02-1-2007.LG4,SCF100820,SCF100820,marker_locus,74.95 cM
305,Cranberry-CNJ02-1-2007.LG4,SCF79014,SCF79014,marker_locus,75.21 cM
306,Cranberry-CNJ02-1-2007.LG4,SCF204979,SCF204979,marker_locus,76.01 cM
307,Cranberry-CNJ02-1-2007.LG4,scf24k,scf24k,marker_locus,76.07 cM
308,Cranberry-CNJ02-1-2007.LG4,SCF101064,SCF101064,marker_locus,80.16 cM
309,Cranberry-CNJ02-1-2007.LG4,Contig600,Contig600,marker_locus,81.83 cM
310,Cranberry-CNJ02-1-2007.LG4,SCF49598,SCF49598,marker_locus,83.7 cM
311,Cranberry-CNJ02-1-2007.LG4,SCF46912,SCF46912,marker_locus,88.29 cM
312,Cranberry-CNJ02-1-2007.LG4,SCF1128,SCF1128,marker_locus,88.69 cM
313,Cranberry-CNJ02-1-2007.LG4,SCF108294,SCF108294,marker_locus,88.82 cM
314,Cranberry-CNJ02-1-2007.LG4,SCF11084,SCF11084,marker_locus,88.99 cM
315,Cranberry-CNJ02-1-2007.LG4,SCF53282,SCF53282,marker_locus,95.03 cM
316,Cranberry-CNJ02-1-2007.LG4,SCF145739,SCF145739,marker_locus,95.38 cM
317,Cranberry-CNJ02-1-2007.LG4,SCF18363,SCF18363,marker_locus,95.71 cM
318,Cranberry-CNJ02-1-2007.LG4,scf26r,scf26r,marker_locus,97.18 cM
319,Cranberry-CNJ02-1-2007.LG4,SCF29560,SCF29560,marker_locus,97.29 cM
320,Cranberry-CNJ02-1-2007.LG4,SCF51810,SCF51810,marker_locus,98.11 cM
321,Cranberry-CNJ02-1-2007.LG4,SCF74895,SCF74895,marker_locus,99.18 cM
322,Cranberry-CNJ02-1-2007.LG4,281884_K70,281884_K70,marker_locus,99.75 cM
323,Cranberry-CNJ02-1-2007.LG4,SCF14119,SCF14119,marker_locus,100.08 cM
324,Cranberry-CNJ02-1-2007.LG5,SCF143318,SCF143318,marker_locus,0 cM
325,Cranberry-CNJ02-1-2007.LG5,251788_K63,251788_K63,marker_locus,0.1 cM
326,Cranberry-CNJ02-1-2007.LG5,ct153008,ct153008,marker_locus,0.17 cM
327,Cranberry-CNJ02-1-2007.LG5,SCF28613,SCF28613,marker_locus,0.77 cM
328,Cranberry-CNJ02-1-2007.LG5,SCF804,SCF804,marker_locus,1.75 cM
329,Cranberry-CNJ02-1-2007.LG5,ct144370,ct144370,marker_locus,9.21 cM
330,Cranberry-CNJ02-1-2007.LG5,SCF7132,SCF7132,marker_locus,9.34 cM
331,Cranberry-CNJ02-1-2007.LG5,SCF32727,SCF32727,marker_locus,13.07 cM
332,Cranberry-CNJ02-1-2007.LG5,SCF59035,SCF59035,marker_locus,13.38 cM
333,Cranberry-CNJ02-1-2007.LG5,SCF259,SCF259,marker_locus,22.38 cM
334,Cranberry-CNJ02-1-2007.LG5,SCF31208,SCF31208,marker_locus,25.81 cM
335,Cranberry-CNJ02-1-2007.LG5,SCF132595,SCF132595,marker_locus,27.67 cM
336,Cranberry-CNJ02-1-2007.LG5,SCF97378,SCF97378,marker_locus,32.84 cM
337,Cranberry-CNJ02-1-2007.LG5,vm39030,vm39030,marker_locus,38.73 cM
338,Cranberry-CNJ02-1-2007.LG5,ct98042,ct98042,marker_locus,51.14 cM
339,Cranberry-CNJ02-1-2007.LG5,SCF8987,SCF8987,marker_locus,51.16 cM
340,Cranberry-CNJ02-1-2007.LG5,SCF149976,SCF149976,marker_locus,51.26 cM
341,Cranberry-CNJ02-1-2007.LG5,SCF83615,SCF83615,marker_locus,53.62 cM
342,Cranberry-CNJ02-1-2007.LG5,SCF46751,SCF46751,marker_locus,58.74 cM
343,Cranberry-CNJ02-1-2007.LG5,SCF101878,SCF101878,marker_locus,60.81 cM
344,Cranberry-CNJ02-1-2007.LG5,scf9e,scf9e,marker_locus,67.28 cM
345,Cranberry-CNJ02-1-2007.LG5,SCF9068,SCF9068,marker_locus,71.57 cM
346,Cranberry-CNJ02-1-2007.LG5,308812_K70,308812_K70,marker_locus,74.69 cM
347,Cranberry-CNJ02-1-2007.LG5,SCF11431,SCF11431,marker_locus,74.69 cM
348,Cranberry-CNJ02-1-2007.LG5,1trimcontig237406,1trimcontig237406,marker_locus,74.69 cM
349,Cranberry-CNJ02-1-2007.LG5,SCF88902,SCF88902,marker_locus,74.85 cM
350,Cranberry-CNJ02-1-2007.LG5,SCF6195,SCF6195,marker_locus,79.51 cM
351,Cranberry-CNJ02-1-2007.LG5,1trimcontig191066,1trimcontig191066,marker_locus,82.66 cM
352,Cranberry-CNJ02-1-2007.LG5,vm07778,vm07778,marker_locus,85.19 cM
353,Cranberry-CNJ02-1-2007.LG5,ct115258,ct115258,marker_locus,89.61 cM
354,Cranberry-CNJ02-1-2007.LG5,47166_K70,47166_K70,marker_locus,97.94 cM
355,Cranberry-CNJ02-1-2007.LG5,CA794F,CA794F,marker_locus,99.87 cM
356,Cranberry-CNJ02-1-2007.LG6,16720_K63,16720_K63,marker_locus,0 cM
357,Cranberry-CNJ02-1-2007.LG6,scf44a,scf44a,marker_locus,4.81 cM
358,Cranberry-CNJ02-1-2007.LG6,SCF164915,SCF164915,marker_locus,7.05 cM
359,Cranberry-CNJ02-1-2007.LG6,scf17d,scf17d,marker_locus,10.13 cM
360,Cranberry-CNJ02-1-2007.LG6,SCF25446,SCF25446,marker_locus,12.56 cM
361,Cranberry-CNJ02-1-2007.LG6,SCF171621,SCF171621,marker_locus,17.54 cM
362,Cranberry-CNJ02-1-2007.LG6,SCF89447,SCF89447,marker_locus,18.62 cM
363,Cranberry-CNJ02-1-2007.LG6,SCF31172,SCF31172,marker_locus,19.02 cM
364,Cranberry-CNJ02-1-2007.LG6,ct154615,ct154615,marker_locus,20.13 cM
365,Cranberry-CNJ02-1-2007.LG6,SCF16407,SCF16407,marker_locus,20.13 cM
366,Cranberry-CNJ02-1-2007.LG6,Contig652,Contig652,marker_locus,21.08 cM
367,Cranberry-CNJ02-1-2007.LG6,SCF89801,SCF89801,marker_locus,22.03 cM
368,Cranberry-CNJ02-1-2007.LG6,SCF133376,SCF133376,marker_locus,22.48 cM
369,Cranberry-CNJ02-1-2007.LG6,319429_K63,319429_K63,marker_locus,25.66 cM
370,Cranberry-CNJ02-1-2007.LG6,SCF40517,SCF40517,marker_locus,26.84 cM
371,Cranberry-CNJ02-1-2007.LG6,SCF92414,SCF92414,marker_locus,34.94 cM
372,Cranberry-CNJ02-1-2007.LG6,vm27120,vm27120,marker_locus,41.9 cM
373,Cranberry-CNJ02-1-2007.LG6,SCF22442,SCF22442,marker_locus,43.81 cM
374,Cranberry-CNJ02-1-2007.LG6,SCF3427,SCF3427,marker_locus,46.04 cM
375,Cranberry-CNJ02-1-2007.LG6,1trimcontig238080,1trimcontig238080,marker_locus,46.57 cM
376,Cranberry-CNJ02-1-2007.LG6,SCF9909,SCF9909,marker_locus,47.69 cM
377,Cranberry-CNJ02-1-2007.LG6,412234_K63,412234_K63,marker_locus,48.42 cM
378,Cranberry-CNJ02-1-2007.LG6,SCF139334,SCF139334,marker_locus,50.87 cM
379,Cranberry-CNJ02-1-2007.LG6,scf112c,scf112c,marker_locus,53.02 cM
380,Cranberry-CNJ02-1-2007.LG6,vm53000,vm53000,marker_locus,53.91 cM
381,Cranberry-CNJ02-1-2007.LG6,1trimcontig344502,1trimcontig344502,marker_locus,56.8 cM
382,Cranberry-CNJ02-1-2007.LG6,ct188529,ct188529,marker_locus,64.28 cM
383,Cranberry-CNJ02-1-2007.LG6,SCF13711,SCF13711,marker_locus,72.99 cM
384,Cranberry-CNJ02-1-2007.LG6,Ig13662a,Ig13662a,marker_locus,81.56 cM
385,Cranberry-CNJ02-1-2007.LG6,scf207d,scf207d,marker_locus,82.03 cM
386,Cranberry-CNJ02-1-2007.LG6,scf283b,scf283b,marker_locus,84.39 cM
387,Cranberry-CNJ02-1-2007.LG6,SCF147117,SCF147117,marker_locus,85.13 cM
388,Cranberry-CNJ02-1-2007.LG6,ct92708,ct92708,marker_locus,89.94 cM
389,Cranberry-CNJ02-1-2007.LG6,SCF113558,SCF113558,marker_locus,91.44 cM
390,Cranberry-CNJ02-1-2007.LG6,SCF124927,SCF124927,marker_locus,96.87 cM
391,Cranberry-CNJ02-1-2007.LG6,vm31701,vm31701,marker_locus,97.09 cM
392,Cranberry-CNJ02-1-2007.LG6,SCF109269,SCF109269,marker_locus,98.19 cM
393,Cranberry-CNJ02-1-2007.LG6,SCF108454,SCF108454,marker_locus,99.09 cM
394,Cranberry-CNJ02-1-2007.LG6,SCF79620,SCF79620,marker_locus,99.12 cM
395,Cranberry-CNJ02-1-2007.LG6,SCF192219,SCF192219,marker_locus,99.64 cM
396,Cranberry-CNJ02-1-2007.LG6,1trimcontig339726,1trimcontig339726,marker_locus,99.87 cM
397,Cranberry-CNJ02-1-2007.LG7,scf203h,scf203h,marker_locus,0 cM
398,Cranberry-CNJ02-1-2007.LG7,1trimcontig450309,1trimcontig450309,marker_locus,1.11 cM
399,Cranberry-CNJ02-1-2007.LG7,SCF10514,SCF10514,marker_locus,2.4 cM
400,Cranberry-CNJ02-1-2007.LG7,SCF155637,SCF155637,marker_locus,3.56 cM
401,Cranberry-CNJ02-1-2007.LG7,SCF46824,SCF46824,marker_locus,7.63 cM
402,Cranberry-CNJ02-1-2007.LG7,Ig51a,Ig51a,marker_locus,9.43 cM
403,Cranberry-CNJ02-1-2007.LG7,SCF150898,SCF150898,marker_locus,10.52 cM
404,Cranberry-CNJ02-1-2007.LG7,SCF915,SCF915,marker_locus,15.1 cM
405,Cranberry-CNJ02-1-2007.LG7,SCF167793,SCF167793,marker_locus,17.94 cM
406,Cranberry-CNJ02-1-2007.LG7,419834_K63,419834_K63,marker_locus,18.28 cM
407,Cranberry-CNJ02-1-2007.LG7,SCF187979,SCF187979,marker_locus,19.28 cM
408,Cranberry-CNJ02-1-2007.LG7,scf5k,scf5k,marker_locus,24.64 cM
409,Cranberry-CNJ02-1-2007.LG7,SCF110168,SCF110168,marker_locus,28 cM
410,Cranberry-CNJ02-1-2007.LG7,SCF193103,SCF193103,marker_locus,29.55 cM
411,Cranberry-CNJ02-1-2007.LG7,ct95345,ct95345,marker_locus,30.93 cM
412,Cranberry-CNJ02-1-2007.LG7,SCF128307,SCF128307,marker_locus,31.1 cM
413,Cranberry-CNJ02-1-2007.LG7,NA1792,NA1792,marker_locus,33.01 cM
414,Cranberry-CNJ02-1-2007.LG7,SCF138014,SCF138014,marker_locus,37.67 cM
415,Cranberry-CNJ02-1-2007.LG7,311291_K70,311291_K70,marker_locus,37.81 cM
416,Cranberry-CNJ02-1-2007.LG7,SCF4305,SCF4305,marker_locus,37.92 cM
417,Cranberry-CNJ02-1-2007.LG7,1trimcontig337780,1trimcontig337780,marker_locus,38.08 cM
418,Cranberry-CNJ02-1-2007.LG7,SCF208883,SCF208883,marker_locus,41.31 cM
419,Cranberry-CNJ02-1-2007.LG7,SCF9872,SCF9872,marker_locus,42.85 cM
420,Cranberry-CNJ02-1-2007.LG7,ct145217,ct145217,marker_locus,43.04 cM
421,Cranberry-CNJ02-1-2007.LG7,ct147864,ct147864,marker_locus,44.27 cM
422,Cranberry-CNJ02-1-2007.LG7,SCF137494,SCF137494,marker_locus,44.5 cM
423,Cranberry-CNJ02-1-2007.LG7,SCF34010,SCF34010,marker_locus,45.37 cM
424,Cranberry-CNJ02-1-2007.LG7,SCF72379,SCF72379,marker_locus,45.37 cM
425,Cranberry-CNJ02-1-2007.LG7,409618_K63,409618_K63,marker_locus,46.52 cM
426,Cranberry-CNJ02-1-2007.LG7,76326_K70,76326_K70,marker_locus,46.9 cM
427,Cranberry-CNJ02-1-2007.LG7,SCF34513,SCF34513,marker_locus,46.9 cM
428,Cranberry-CNJ02-1-2007.LG7,1trimcontig217158,1trimcontig217158,marker_locus,52.21 cM
429,Cranberry-CNJ02-1-2007.LG7,80734_K70,80734_K70,marker_locus,55.66 cM
430,Cranberry-CNJ02-1-2007.LG7,SCF94237,SCF94237,marker_locus,55.66 cM
431,Cranberry-CNJ02-1-2007.LG7,ct145906,ct145906,marker_locus,55.67 cM
432,Cranberry-CNJ02-1-2007.LG7,SCF111145,SCF111145,marker_locus,60.8 cM
433,Cranberry-CNJ02-1-2007.LG7,SCF112540,SCF112540,marker_locus,61.33 cM
434,Cranberry-CNJ02-1-2007.LG7,SCF184873,SCF184873,marker_locus,61.67 cM
435,Cranberry-CNJ02-1-2007.LG7,SCF116864,SCF116864,marker_locus,63.43 cM
436,Cranberry-CNJ02-1-2007.LG7,SCF85946,SCF85946,marker_locus,65.1 cM
437,Cranberry-CNJ02-1-2007.LG7,SCF25221,SCF25221,marker_locus,67.78 cM
438,Cranberry-CNJ02-1-2007.LG7,scf31h,scf31h,marker_locus,69.52 cM
439,Cranberry-CNJ02-1-2007.LG7,SCF89247,SCF89247,marker_locus,71.8 cM
440,Cranberry-CNJ02-1-2007.LG7,scf137c,scf137c,marker_locus,73.44 cM
441,Cranberry-CNJ02-1-2007.LG7,SCF7155,SCF7155,marker_locus,73.8 cM
442,Cranberry-CNJ02-1-2007.LG7,SCF20681,SCF20681,marker_locus,76.07 cM
443,Cranberry-CNJ02-1-2007.LG7,SCF36745,SCF36745,marker_locus,78.88 cM
444,Cranberry-CNJ02-1-2007.LG7,6ms4e4b,6ms4e4b,marker_locus,79.62 cM
445,Cranberry-CNJ02-1-2007.LG7,1trimcontig435620,1trimcontig435620,marker_locus,82.65 cM
446,Cranberry-CNJ02-1-2007.LG7,SCF25944,SCF25944,marker_locus,83.94 cM
447,Cranberry-CNJ02-1-2007.LG7,SCF2483,SCF2483,marker_locus,86.16 cM
448,Cranberry-CNJ02-1-2007.LG7,SCF56717,SCF56717,marker_locus,90.71 cM
449,Cranberry-CNJ02-1-2007.LG7,scf2s,scf2s,marker_locus,95.34 cM
450,Cranberry-CNJ02-1-2007.LG7,scf1594,scf1594,marker_locus,98.83 cM
451,Cranberry-CNJ02-1-2007.LG7,ct139553,ct139553,marker_locus,99.76 cM
452,Cranberry-CNJ02-1-2007.LG8,SCF132922,SCF132922,marker_locus,0 cM
453,Cranberry-CNJ02-1-2007.LG8,SCF24087,SCF24087,marker_locus,1.08 cM
454,Cranberry-CNJ02-1-2007.LG8,ct89379,ct89379,marker_locus,2.7 cM
455,Cranberry-CNJ02-1-2007.LG8,Ig6523b,Ig6523b,marker_locus,2.98 cM
456,Cranberry-CNJ02-1-2007.LG8,SCF81732,SCF81732,marker_locus,3.96 cM
457,Cranberry-CNJ02-1-2007.LG8,SCF138992,SCF138992,marker_locus,4.42 cM
458,Cranberry-CNJ02-1-2007.LG8,SCF172149,SCF172149,marker_locus,11.22 cM
459,Cranberry-CNJ02-1-2007.LG8,SCF105925,SCF105925,marker_locus,15.35 cM
460,Cranberry-CNJ02-1-2007.LG8,SCF17979,SCF17979,marker_locus,18.77 cM
461,Cranberry-CNJ02-1-2007.LG8,SCF189612,SCF189612,marker_locus,24.94 cM
462,Cranberry-CNJ02-1-2007.LG8,SCF87990,SCF87990,marker_locus,25.16 cM
463,Cranberry-CNJ02-1-2007.LG8,SCF2714,SCF2714,marker_locus,25.35 cM
464,Cranberry-CNJ02-1-2007.LG8,SCF30010,SCF30010,marker_locus,25.94 cM
465,Cranberry-CNJ02-1-2007.LG8,SCF127023,SCF127023,marker_locus,30.35 cM
466,Cranberry-CNJ02-1-2007.LG8,SCF54155,SCF54155,marker_locus,32.66 cM
467,Cranberry-CNJ02-1-2007.LG8,scf4860,scf4860,marker_locus,34.85 cM
468,Cranberry-CNJ02-1-2007.LG8,SCF64632,SCF64632,marker_locus,35.62 cM
469,Cranberry-CNJ02-1-2007.LG8,SCF82870,SCF82870,marker_locus,35.7 cM
470,Cranberry-CNJ02-1-2007.LG8,ct134336,ct134336,marker_locus,36.2 cM
471,Cranberry-CNJ02-1-2007.LG8,SCF197903,SCF197903,marker_locus,36.58 cM
472,Cranberry-CNJ02-1-2007.LG8,ct159707,ct159707,marker_locus,37.1 cM
473,Cranberry-CNJ02-1-2007.LG8,SCF19565,SCF19565,marker_locus,37.1 cM
474,Cranberry-CNJ02-1-2007.LG8,187382_K70,187382_K70,marker_locus,42.58 cM
475,Cranberry-CNJ02-1-2007.LG8,SCF71184,SCF71184,marker_locus,46 cM
476,Cranberry-CNJ02-1-2007.LG8,SCF27811,SCF27811,marker_locus,48.08 cM
477,Cranberry-CNJ02-1-2007.LG8,314797_K70,314797_K70,marker_locus,48.58 cM
478,Cranberry-CNJ02-1-2007.LG8,SCF92564,SCF92564,marker_locus,59.76 cM
479,Cranberry-CNJ02-1-2007.LG8,SCF8850,SCF8850,marker_locus,64.79 cM
480,Cranberry-CNJ02-1-2007.LG8,36394_K70,36394_K70,marker_locus,69.57 cM
481,Cranberry-CNJ02-1-2007.LG8,SCF71136,SCF71136,marker_locus,70.9 cM
482,Cranberry-CNJ02-1-2007.LG8,SCF107477,SCF107477,marker_locus,75.44 cM
483,Cranberry-CNJ02-1-2007.LG8,scf2505a,scf2505a,marker_locus,81.75 cM
484,Cranberry-CNJ02-1-2007.LG8,1trimcontig326802,1trimcontig326802,marker_locus,83.73 cM
485,Cranberry-CNJ02-1-2007.LG8,SCF91821,SCF91821,marker_locus,85.19 cM
486,Cranberry-CNJ02-1-2007.LG8,vm31502,vm31502,marker_locus,85.39 cM
487,Cranberry-CNJ02-1-2007.LG8,SCF102538,SCF102538,marker_locus,90.31 cM
488,Cranberry-CNJ02-1-2007.LG8,1trimcontig440337,1trimcontig440337,marker_locus,91.23 cM
489,Cranberry-CNJ02-1-2007.LG8,SCF10785,SCF10785,marker_locus,91.72 cM
490,Cranberry-CNJ02-1-2007.LG8,vm28527,vm28527,marker_locus,96.67 cM
491,Cranberry-CNJ02-1-2007.LG8,ct121951,ct121951,marker_locus,98.75 cM
492,Cranberry-CNJ02-1-2007.LG9,Contig259Fb,Contig259Fb,marker_locus,0 cM
493,Cranberry-CNJ02-1-2007.LG9,scf1655c,scf1655c,marker_locus,5.34 cM
494,Cranberry-CNJ02-1-2007.LG9,SCF41971,SCF41971,marker_locus,6.39 cM
495,Cranberry-CNJ02-1-2007.LG9,SCF125889,SCF125889,marker_locus,6.46 cM
496,Cranberry-CNJ02-1-2007.LG9,SCF163134,SCF163134,marker_locus,6.83 cM
497,Cranberry-CNJ02-1-2007.LG9,ct144558,ct144558,marker_locus,8.83 cM
498,Cranberry-CNJ02-1-2007.LG9,SCF109660,SCF109660,marker_locus,9.17 cM
499,Cranberry-CNJ02-1-2007.LG9,407841_K63,407841_K63,marker_locus,9.17 cM
500,Cranberry-CNJ02-1-2007.LG9,1trimcontig352078,1trimcontig352078,marker_locus,9.4 cM
501,Cranberry-CNJ02-1-2007.LG9,ct154206,ct154206,marker_locus,19.06 cM
502,Cranberry-CNJ02-1-2007.LG9,VCC_J9,VCC_J9,marker_locus,23.36 cM
503,Cranberry-CNJ02-1-2007.LG9,SCF30734,SCF30734,marker_locus,26.43 cM
504,Cranberry-CNJ02-1-2007.LG9,SCF155797,SCF155797,marker_locus,28.46 cM
505,Cranberry-CNJ02-1-2007.LG9,scf439,scf439,marker_locus,36.58 cM
506,Cranberry-CNJ02-1-2007.LG9,SCF7357,SCF7357,marker_locus,37.37 cM
507,Cranberry-CNJ02-1-2007.LG9,NA619,NA619,marker_locus,38.35 cM
508,Cranberry-CNJ02-1-2007.LG9,scf35k,scf35k,marker_locus,41.03 cM
509,Cranberry-CNJ02-1-2007.LG9,309124_K70,309124_K70,marker_locus,42.46 cM
510,Cranberry-CNJ02-1-2007.LG9,scf13a,scf13a,marker_locus,44.25 cM
511,Cranberry-CNJ02-1-2007.LG9,SCF10459,SCF10459,marker_locus,48.47 cM
512,Cranberry-CNJ02-1-2007.LG9,scf275d,scf275d,marker_locus,50.74 cM
513,Cranberry-CNJ02-1-2007.LG9,SCF118468,SCF118468,marker_locus,53.86 cM
514,Cranberry-CNJ02-1-2007.LG9,scf6i,scf6i,marker_locus,56.94 cM
515,Cranberry-CNJ02-1-2007.LG9,SCF56032,SCF56032,marker_locus,58.05 cM
516,Cranberry-CNJ02-1-2007.LG9,Ig1296a,Ig1296a,marker_locus,58.99 cM
517,Cranberry-CNJ02-1-2007.LG9,SCF136207,SCF136207,marker_locus,59.27 cM
518,Cranberry-CNJ02-1-2007.LG9,SCF48414,SCF48414,marker_locus,59.51 cM
519,Cranberry-CNJ02-1-2007.LG9,scf21n,scf21n,marker_locus,60.75 cM
520,Cranberry-CNJ02-1-2007.LG9,SCF88396,SCF88396,marker_locus,62.36 cM
521,Cranberry-CNJ02-1-2007.LG9,SCF1648,SCF1648,marker_locus,66.42 cM
522,Cranberry-CNJ02-1-2007.LG9,1trimcontig238343,1trimcontig238343,marker_locus,73.06 cM
523,Cranberry-CNJ02-1-2007.LG9,214102_K63,214102_K63,marker_locus,73.09 cM
524,Cranberry-CNJ02-1-2007.LG9,SCF141985,SCF141985,marker_locus,74.05 cM
525,Cranberry-CNJ02-1-2007.LG9,ct95842,ct95842,marker_locus,76.95 cM
526,Cranberry-CNJ02-1-2007.LG9,SCF136317,SCF136317,marker_locus,78.01 cM
527,Cranberry-CNJ02-1-2007.LG9,SCF144748,SCF144748,marker_locus,78.42 cM
528,Cranberry-CNJ02-1-2007.LG9,SCF132369,SCF132369,marker_locus,78.54 cM
529,Cranberry-CNJ02-1-2007.LG9,SCF11802,SCF11802,marker_locus,79.29 cM
530,Cranberry-CNJ02-1-2007.LG9,scf306f,scf306f,marker_locus,79.96 cM
531,Cranberry-CNJ02-1-2007.LG9,scf32j,scf32j,marker_locus,82.53 cM
532,Cranberry-CNJ02-1-2007.LG9,1trimcontig439861,1trimcontig439861,marker_locus,83.9 cM
533,Cranberry-CNJ02-1-2007.LG9,SCF132532,SCF132532,marker_locus,84.5 cM
534,Cranberry-CNJ02-1-2007.LG9,SCF33185,SCF33185,marker_locus,85.12 cM
535,Cranberry-CNJ02-1-2007.LG9,SCF61189,SCF61189,marker_locus,86.82 cM
536,Cranberry-CNJ02-1-2007.LG9,scf55c,scf55c,marker_locus,87.28 cM
537,Cranberry-CNJ02-1-2007.LG9,SCF125251,SCF125251,marker_locus,87.6 cM
538,Cranberry-CNJ02-1-2007.LG9,scf45d,scf45d,marker_locus,91.52 cM
539,Cranberry-CNJ02-1-2007.LG9,1trimcontig328266,1trimcontig328266,marker_locus,94.56 cM
540,Cranberry-CNJ02-1-2007.LG9,SCF3932,SCF3932,marker_locus,97.15 cM